<?xml version="1.0" encoding="UTF-8"?>
<project-private xmlns="http://www.netbeans.org/ns/project-private/1">
    <editor-bookmarks xmlns="http://www.netbeans.org/ns/editor-bookmarks/2" lastBookmarkId="0"/>
    <open-files xmlns="http://www.netbeans.org/ns/projectui-open-files/2">
        <group>
            <file>file:/C:/Users/feven/Downloads/Telegram%20Desktop/IMS_1/IMS_1/src/UI/design.css</file>
            <file>file:/C:/Users/feven/Downloads/Telegram%20Desktop/IMS_1/IMS_1/src/controller/resultCardController.java</file>
            <file>file:/C:/Users/feven/Downloads/Telegram%20Desktop/IMS_1/IMS_1/src/UI/MainFXML.fxml</file>
            <file>file:/C:/Users/feven/Downloads/Telegram%20Desktop/IMS_1/IMS_1/src/controller/AdminDashboardController.java</file>
            <file>file:/C:/Users/feven/Downloads/Telegram%20Desktop/IMS_1/IMS_1/src/model/Destination.java</file>
            <file>file:/C:/Users/feven/Downloads/Telegram%20Desktop/IMS_1/IMS_1/src/model/ImageM.java</file>
            <file>file:/C:/Users/feven/Downloads/Telegram%20Desktop/IMS_1/IMS_1/src/controller/ResultController.java</file>
            <file>file:/C:/Users/feven/Downloads/Telegram%20Desktop/IMS_1/IMS_1/src/controller/ImageController.java</file>
            <file>file:/C:/Users/feven/Downloads/Telegram%20Desktop/IMS_1/IMS_1/src/NewFXMain.java</file>
        </group>
    </open-files>
</project-private>
